priority,target,category,geography,value,status_or_deadline,eligibility_gate,chance_now,chance_after_pilot,next_action,official_source
P0,2027 Tools Competition - Reimagining K-12 Assessment,equity-free competition,global,US$50k Catalyst; US$150k Growth; US$300k Transform,Phase I due 2026-10-13 23:59 ET,track/tier eligibility; submit learning-engineering tool,Phase II 5-15%; win 1-4%,Phase II 10-25%; win 3-8%,Submit Phase I abstract immediately,https://tools-competition.org/27-assessment/
P0,Sydney Genesis,equity-free accelerator/prize,Australia / USyd,A$30k winner,Applications open; portal deadline must be rechecked,At least one USyd founder; MVP/PoC expected,Top10 8-20%; win 1-4%,Top10 15-30%; win 3-8%,Submit with 2-minute pitch,https://www.sydney.edu.au/business/study/student-experience/sydney-genesis.html
P0,ACT Grants,impact grant,India,Case-specific grant,Applications active,India impact fit; stage/pathway must fit ACT,3-8%,8-18%,Apply with pilot + impact measurement plan,https://actgrants.in/apply
P0,MIT Solve 2027 Global Learning Challenge,challenge/grants,global,US$10k each selected Solver; additional prizes up to US$150k,Due 2026-11-02 12:00 EST,solution must fit challenge/stage rules,1-3% selected,3-7% selected,Submit Global Learning application,https://solve.mit.edu/index.php/challenges/2027-global-learning-challenge
P0,Startmate Summer '27,accelerator investment,Australia/NZ connection,A$120k at published A$1.5m post-money valuation,Due 2026-11-01 23:59 AEDT,strong ANZ connection; at least one founder full-time,1-3%,3-7%,Apply + record 90-second video,https://www.startmate.com/accelerator
P0,Y Combinator W27,accelerator investment,global / US batch,US$500k standard deal,Due 2026-11-02 20:00 PT,company structure may need permitted jurisdiction,0.3-1%,1-3%,Apply; prioritize concise traction/product narrative,https://www.ycombinator.com/apply
P0,GSV Cup 50,EdTech showcase/investor access,global,No guaranteed cash; Summit access/demo/network,Due 2026-12-01 23:59 ET,pre-seed/seed digital learning or workforce startup,0.5-1.5%,1-3%,Nominate Pri,https://asugsvsummit.com/gsv-cup
P0,Techstars Anywhere,accelerator investment,global,Current Techstars accelerator investment terms,Due 2026-11-18,early-stage startup,0.5-2%,2-5%,Apply after higher-fit deadlines,https://www.techstars.com/accelerators/anywhere
P1,Microsoft Imagine Cup,student competition,global,US$50k Launch; US$100k Scale under current structure,2027 structure visible; final rules must be rechecked,enrolled student 18+; path-specific funding/stage rules,cash win 0.1-0.5%,0.3-1%,Register/watch; verify final 2027 rules,https://imaginecup.microsoft.com/en-us/compete/howitworks
P1,NSRCEL Impact Orbit,incubator + grant,India,Up to ₹15 lakh,Application route published,registered venture >1 year; early revenue-growth; proven PoC/pilot; impact,3-8% if eligible,8-15%,Apply only if all eligibility is true,https://nsrcel.org/impact-orbit/
P1,University of Sydney Pre-Seed Fund,SAFE/equity investment,Australia / USyd,Up to A$500k,Rolling/year-round,USyd link; company or willingness to incorporate; stronger with IP/research/validation,1-3%,5-10%,Create genuine USyd research/IP and external-validation case,https://www.sydney.edu.au/engage/innovation-and-enterprise/pre-seed-fund.html
P1,CSIRO Kick-Start,matched R&D support,Australia,A$20k-60k per voucher; up to 2 vouchers,Year-round,ACN/ICN + GST + company-size/age rule + cash match + real R&D project,15-35% if eligible/project fit,25-50%,Define specific handwriting/learning-science R&D work package,https://www.csiro.au/en/work-with-us/funding-programs/sme/csiro-kick-start/eligibility-and-funding
P1,MeitY GENESIS EIR 3.0,government incubation/funding,India,Program-specific; verify implementing-centre terms,Call announced live Aug 2026,centre/geography/entity/stage rules must be checked,2-8% conditional,5-12%,Find implementing centre and current deadline,https://msh.meity.gov.in/
P1,GSEA,student founder competition,global,US$50k first; US$25k second; US$15k third under recent rules,2026-27 local/global cycle,student founder; operating 6+ months; revenue/investment threshold,global finalist ~1-2% if eligible,2-4%,Enter only with clean documented eligibility,https://gsea.org/
P1,Hult Prize,student impact competition,global,US$1m headline award/investment,Due 2027-02-28 23:59 GMT,2-4 current degree-seeking students; impact/SDG rules,winner <0.1%,winner <0.3%,Prepare after Oct/Nov priorities,https://www.hultprize.org/
P1,Entrepreneurship World Cup,global competition,global,Multiple cash awards,Registration to 2027-05-31,competition rules/stage,major cash <0.5%,0.5-1.5%,Delay submission until traction is stronger,https://entrepreneurshipworldcup.com/
P2,Blackbird,venture capital,Australia/NZ,Pre-seed through Series A,Pitch anytime,strong ANZ connection; venture-scale case,0.5-1.5% investment,2-5%,Pitch after external pilot/growth signal,https://www.blackbird.vc/get-investment
P2,AirTree,venture capital,Australia/NZ,Seed/growth capital,Active investor,ANZ venture-scale case,<1%,1-3%,Later-stage outreach after evidence,https://www.airtree.vc/
P2,Peak XV Surge,venture capital/accelerator,India/SEA,Program investment; verify current deal,Rolling program,venture-scale India/SEA fit,<1%,1-3%,Approach after India adoption,https://www.peakxv.com/surge/
P2,Reach Capital,specialist learning VC,global/US,"Pre-seed, seed, Series A; Reach V US$265m",Active investor,learning company with venture-scale potential,<0.5%,1-3%,Target after credible usage/outcome data,https://www.reachcapital.com/
P2,Owl Ventures,specialist education/workforce VC,global/US,Stage-dependent,Active investor,education/workforce technology + venture-scale evidence,<0.5%,1-3%,Target after traction/evidence,https://www.owlvc.com/
P2,GSV Ventures,specialist EdTech VC,global,Stage-dependent,Active investor,venture-scale EdTech,<0.5%,1-3%,Use GSV Cup as relationship bridge,https://gsv.ventures/
P2,Google for Startups Accelerator India,equity-free accelerator,India,Equity-free program/resources,2026 cycle closed; track next cohort,AI-first; India-headquartered; seed-Series A; customer validation/traction,0% current,2-6% next cycle,Monitor 2027 opening,https://startup.google.com/programs/accelerator/india/
P2,NSW MVP Ventures,commercialisation grant,NSW Australia,Recent rounds A$20k-75k,2025-26 rounds closed,future NSW entity/innovation/commercialisation criteria,historical raw ~6.8-7.1% when open,7-15% with strong eligibility,Monitor next round,https://www.nsw.gov.au/grants-and-funding
P2,MeitY SAMRIDH,accelerator + matching support,India,Up to ₹40 lakh one-to-one matching support,Cohort/accelerator-routed; direct current intake not assumed,must be selected through participating accelerator/program,2-6% conditional,5-12%,Contact current enabling accelerators,https://msh.meity.gov.in/schemes/samridh
P3,AWS Activate,cloud credits - not cash,global,Up to US$5k self-funded; up to US$200k provider-backed,Open,tier-specific startup/provider rules,eligibility-driven,eligibility-driven,Apply only if AWS credits reduce real spend,https://aws.amazon.com/startups/credits/
P3,NVIDIA Inception,startup support - not cash,global,Free; no equity,Open,incorporated; working website; at least one developer; <10 years old,eligibility-driven,eligibility-driven,Join if eligible and useful,https://www.nvidia.com/en-us/startups/
WATCH,Startup India Seed Fund Scheme,government seed scheme,India,Historical seed support,Closed to startups 2026-05-31,DPIIT + age/other scheme rules if reopened,0% now,n/a,Do not use stale Apply Now UI; monitor successor,https://seedfund.startupindia.gov.in/
WATCH,Central Square Foundation / ShikshaNext,ecosystem/evidence/pilot partner,India,No guaranteed open cash call,Relationship/program dependent,education/evidence/system-fit,relationship-driven,relationship-driven,Seek pilot/evidence/distribution introductions,https://www.centralsquarefoundation.org/
WATCH,Michael & Susan Dell Foundation,impact grant/PRI/investment,India/global,Case-specific,Partnership route,requires measurable impact/scale fit,<1% today,2-5% after scale/evidence,Approach post-pilot/scale,https://www.dell.org/
WATCH,IIT Delhi FITT,incubation/grants/investment,India,Scheme-specific,Varies by live scheme,technical/stage/entity/residency conditions vary,1-5% for well-matched live scheme,3-10%,Match Pri to a specific live FITT call; do not pitch 'IIT Delhi' generically,https://fitt-iitd.in/
NO,BIRAC BIG,biotech grant,India,Biotech-focused,Not Pri-fit,biotechnology innovation required,0%,0%,Do not pursue,https://birac.nic.in/
