priority,target,category,official_funding_or_value,pri_planning_target,current_status_or_deadline,key_gate,primary_contact_or_route,next_action
0,Campus Fund FutureX 2026,Student founder VC,"Up to US$1M + Google Cloud support","US$250k-US$1M investment conversation","2026 programme active","Current student or graduate/dropout 2023+; >=25% founder equity; AI","futurex@yourcampusfund.com","Verify founder eligibility and apply"
0,IIT Madras Tech Pioneer Grant,Grant/Incubator,"Current Deep-Tech & SDG amount not verified","Verify before naming ask","Closes 2026-10-05","Call-specific eligibility","IITM SIE open-calls page","Check full call and submit if eligible"
0,BuildAI 3.0,Government AI challenge,"₹2L / ₹1L / ₹1L / ₹0.5L / ₹0.5L prizes + incubation","Optimise for IndiaAI/IITG incubation","Closes 2026-10-15","AI/startup rules and registration requirements","BuildAI 3.0 application","Submit"
0,IIT Madras AI Venture Studio,AI venture studio,"Seed funding undisclosed + compute/labs/mentoring","Package first; internal value model ₹10L-₹30L+","Closes 2026-10-23","Selection","Roopa Karemungikar / IITM SIE","Apply with AI-first technical narrative"
0,FITT IIT Delhi,Grant/Seed/Incubator,"₹4L-₹1Cr grants; ₹10L-₹1.5Cr debt/equity first cheques","₹25L-₹40L initial milestone ask","Open/route-dependent","Programme/company eligibility","ankit@fitt-iitd.in; AshutoshPastor@fitt-iitd.in","Request investment + incubation assessment"
1,ACT Grants,Impact grant,"No fixed current public cap","₹25L-₹40L measured outcomes project","Application route active","Impact/evidence fit","ACT application / Subhashish Bhadra","Prepare evidence-grant proposal"
1,IIIT Hyderabad CIE Avishkar,Deep-tech seed,"Up to ₹40L","₹20L-₹40L","Cohort-based","Technical validation and AI/deep-tech fit","Incubation@iiit.ac.in","Pitch handwriting/method-reasoning engine"
1,IIIT Hyderabad RootNode,Research collaboration,"Research support; not a standard cheque","Technical validation/co-development","Programme route available","Clear hard technical problem","IIITH CIE","Submit narrow research problem"
1,Kotak BizLabs x IIMCIP,Grant/Accelerator,"Up to ₹30L grant","₹20L-₹30L","2026 cycle; closes in Oct 2026","DPIIT + proven revenue traction last 12 months","pankaj.baruah@iimcip.org","Apply only if revenue/DPIIT gates pass"
1,NSRCEL Impact Orbit,Impact grant/incubator,"Up to ₹15L","₹15L","Application-period based","Registered >1 year; early revenue/growth; proven pilots; social impact","NSRCEL Impact Orbit / Gazal Raina","Apply when gates are demonstrably met"
1,IIMA Ventures,Incubator/Seed,"Approx ₹5L grants to ₹50L convertible/equity depending programme","₹15L-₹50L programme fit","Programme-dependent","Route-specific eligibility","IIMA Ventures","Identify best-fit current programme"
1,Bodhan AI IIT Madras,Research partner,"No standard startup cheque published","₹0 cash assumed; high research value","Collaboration route available","Research fit","research@bodhan.ai","Send research collaboration proposal"
1,AWS Education Equity,Cloud credits,"Up to US$10k credits for new applicants","Full eligible US$10k","Rolling","Education-equity eligibility","AWS Education Equity application","Apply"
1,NVIDIA Inception,AI infrastructure,"Free programme; variable credits; some qualified DGX benefits up to US$100k","Join + maximise eligible benefits","No fixed cohort/deadline","Incorporated AI startup requirements","NVIDIA Inception","Apply"
1,Google for Startups Cloud,Cloud credits,"Start ~US$2k; Scale up to US$200k; eligible AI-first up to US$350k","Use Start now if eligible; Scale after VC","Programme active","Age/funding/prior-credit rules","Google Cloud startup programme","Check tier and apply"
1,Microsoft for Startups,Cloud credits,"Eligible paths can reach roughly US$150k-US$200k","Max eligible tier","Rules changed in 2026","Current programme eligibility","Microsoft for Startups","Recheck post-May-2026 rules and apply"
1,gradCapital,Student founder funding,"US$300k full-time; US$60k while attending classes; US$1k-US$5k experiment grants","Match route to founder status","Site active","Student/young-founder fit; company terms to confirm","gradcapital.in","Investigate terms and apply if eligible"
2,Shiv Nadar School,Proof school,"No investor cheque expected","₹0-₹2L flagship pilot first","Outreach","Academic approval + safety/privacy","Anju Wal / Anju Soni","Pitch 8-12 week measured maths pilot"
2,Heritage Xperiential Learning School,Proof school,"No investor cheque expected","₹0-₹2L flagship pilot first","Outreach","Academic/technology approval","Vishnu Karthik","Pitch design-partner pilot"
2,Kothari International School Noida,Proof school,"No investor cheque expected","₹0.5L-₹2L pilot hypothesis","Outreach","Principal approval","Nidhi Tewari","Pitch small CBSE mathematics pilot"
3,Eximius Ventures,Pre-seed VC,"Typical cheque up to US$500k","US$250k-US$500k","Active","Equity round readiness","Eximius application/outreach","Approach after first pilot signal"
3,Better Capital,Pre-seed VC,"No current fixed official cheque; ~US$300k historical median benchmark","US$250k-US$500k conversation","Active","Evidence + founder conviction","Vaibhav Domkundwar","Approach after pilot/evidence"
3,Elevation Capital,VC,"US$500k-US$35M across Seed/A/Growth","US$500k-US$1.5M initial institutional round","Active","PMF/traction","community@elevationcapital.com","Approach after strong evidence"
4,Blume Ventures,Seed VC,"Typical US$1.5M-US$3M / ₹12Cr-₹24Cr","US$1.5M-US$3M round","Active","Customer validation/traction","Sajith Pai / Blume","Preserve pitch until proof"
4,GSV Ventures,Education VC,"No fixed public cheque","US$1M-US$3M internal planning ask","Active","Institutional-quality learning + retention evidence","Abhishek Mishra","Approach after pilots and metrics"
4,Reach Capital,Education VC,"Roughly US$100k pre-seed to US$12M+ later","US$500k-US$2M","Active","Evidence and scalable education thesis","info@reachcapital.com","Approach after validation"
4,Owl Ventures,Education VC,"No standard public cheque; US$2.2B+ committed capital","US$1M-US$5M internal planning range","Active","Strong PMF/evidence","Owl Ventures","Later global education round"
4,Accel x Google AI Futures,AI VC/Accelerator,"2026 benchmark up to US$2M co-investment + US$350k credits","Future cohort target","2026 cohort already run","Future application window","Accel Atoms","Monitor future AI cohort"
4,Podar Education Network,Scale school,"Revenue contract rather than funding","₹5L-₹15L multi-campus pilot; later per-student rollout","After proof","Pilot evidence","Dr Pavan Podar / central innovation","Approach after flagship school case study"
4,Delhi Public School Society,Scale school,"Revenue contract rather than funding","₹5L-₹15L central/multi-school pilot hypothesis","After proof","Network approval","secretary@dpsfamily.org","Approach after Delhi/NCR evidence"
4,Ryan International Group,Scale school,"Revenue contract rather than funding","₹5L-₹15L multi-school pilot hypothesis","After proof","Integration with existing LMS","Ryan Pinto / group leadership","Pitch AI maths layer rather than LMS"
4,Narayana,Scale school,"Revenue contract rather than funding","₹5L-₹20L+ multi-campus pilot hypothesis","Later","Strong IP/moat due competitive overlap","Puneet Kothapa","Approach only after moat/contracts mature"
W,WTFund,Young-founder grant,"Up to ₹20L non-dilutive historically/current-site record","₹20L if a new cohort reopens","No clearly open new cohort as of research date","Founder under 25 + future cohort","WTFund site","Monitor; do not count in current plan"
C,NIDHI PRAYAS 2.0,Prototype grant,"Up to ₹20L via PRAYAS Centres; up to ₹40L via Advance Centres","Only for a qualifying new technical prototype","Current framework","Prototype-stage and centre-specific rules; Pri may be too mature/software-heavy","SINE IIT Bombay / PRAYAS centre","Pre-check eligibility before application"
